{"app":["/app-a71518c062935bc75f43.js"],"component---src-pages-404-js":["/component---src-pages-404-js-5413c7a60f02cad7d212.js"],"component---src-pages-about-js":["/component---src-pages-about-js-abbbee1b1fb53428d505.js"],"component---src-pages-contact-js":["/component---src-pages-contact-js-1c5a0a38064ce112efd3.js"],"component---src-pages-index-js":["/component---src-pages-index-js-9f0e501c59be7ee31d5e.js"],"component---src-pages-portfolio-js":["/component---src-pages-portfolio-js-cea46025dc077940f716.js"],"component---src-pages-services-js":["/component---src-pages-services-js-d11f10c40e019be92761.js"]}