{"app":["/app-a71518c062935bc75f43.js"],"component---src-pages-404-js":["/component---src-pages-404-js-ad15676dd280a6c887d1.js"],"component---src-pages-about-js":["/component---src-pages-about-js-1b5762f98b62e6ca9370.js"],"component---src-pages-contact-js":["/component---src-pages-contact-js-1e9974b998b3138c6904.js"],"component---src-pages-index-js":["/component---src-pages-index-js-b9fc4a17ae48376457ed.js"],"component---src-pages-portfolio-js":["/component---src-pages-portfolio-js-988cb12ee34d9e54d1a2.js"],"component---src-pages-services-js":["/component---src-pages-services-js-9702c581dfa00fcafb6e.js"]}