{"app":["/app-a71518c062935bc75f43.js"],"component---src-pages-404-js":["/component---src-pages-404-js-35545a70e3d8c1094994.js"],"component---src-pages-about-js":["/component---src-pages-about-js-23ee7653ab32f929d37c.js"],"component---src-pages-contact-js":["/component---src-pages-contact-js-9c09770aa44a126c7b5f.js"],"component---src-pages-index-js":["/component---src-pages-index-js-386759f557abf384fe20.js"],"component---src-pages-portfolio-js":["/component---src-pages-portfolio-js-0e6a2b646fcd133aaf4b.js"],"component---src-pages-services-js":["/component---src-pages-services-js-048b993775b4898390a1.js"]}