{"app":["/app-a71518c062935bc75f43.js"],"component---src-pages-404-js":["/component---src-pages-404-js-6d60dbc581829fa08f21.js"],"component---src-pages-about-js":["/component---src-pages-about-js-947678531ceaadf9bbf8.js"],"component---src-pages-contact-js":["/component---src-pages-contact-js-6148a7d45a169adca447.js"],"component---src-pages-index-js":["/component---src-pages-index-js-3ba2b2c9c8362996749c.js"],"component---src-pages-portfolio-js":["/component---src-pages-portfolio-js-a7fae66ace80aac492a7.js"],"component---src-pages-services-js":["/component---src-pages-services-js-ce16d6d2eac6527ae410.js"]}