{"errors":[],"warnings":["./node_modules/React/cjs/react.production.min.js\nThere are multiple modules with names that only differ in casing.\nThis can lead to unexpected behavior when compiling on a filesystem with other case-semantic.\nUse equal casing. Compare these module identifiers:\n* C:\\Humber_Sunny\\Portfolio-Using-Gatsby-Bootstrap\\Portfolio-Using-Gatsby-Bootstrap\\node_modules\\babel-loader\\lib\\index.js??ref--11-0!C:\\Humber_Sunny\\Portfolio-Using-Gatsby-Bootstrap\\Portfolio-Using-Gatsby-Bootstrap\\node_modules\\React\\cjs\\react.production.min.js\n    Used by 1 module(s), i. e.\n    C:\\Humber_Sunny\\Portfolio-Using-Gatsby-Bootstrap\\Portfolio-Using-Gatsby-Bootstrap\\node_modules\\babel-loader\\lib\\index.js??ref--11-0!C:\\Humber_Sunny\\Portfolio-Using-Gatsby-Bootstrap\\Portfolio-Using-Gatsby-Bootstrap\\node_modules\\React\\index.js\n* C:\\Humber_Sunny\\Portfolio-Using-Gatsby-Bootstrap\\Portfolio-Using-Gatsby-Bootstrap\\node_modules\\babel-loader\\lib\\index.js??ref--11-0!C:\\Humber_Sunny\\Portfolio-Using-Gatsby-Bootstrap\\Portfolio-Using-Gatsby-Bootstrap\\node_modules\\react\\cjs\\react.production.min.js\n    Used by 1 module(s), i. e.\n    C:\\Humber_Sunny\\Portfolio-Using-Gatsby-Bootstrap\\Portfolio-Using-Gatsby-Bootstrap\\node_modules\\babel-loader\\lib\\index.js??ref--11-0!C:\\Humber_Sunny\\Portfolio-Using-Gatsby-Bootstrap\\Portfolio-Using-Gatsby-Bootstrap\\node_modules\\react\\index.js","./node_modules/React/index.js\nThere are multiple modules with names that only differ in casing.\nThis can lead to unexpected behavior when compiling on a filesystem with other case-semantic.\nUse equal casing. Compare these module identifiers:\n* C:\\Humber_Sunny\\Portfolio-Using-Gatsby-Bootstrap\\Portfolio-Using-Gatsby-Bootstrap\\node_modules\\babel-loader\\lib\\index.js??ref--11-0!C:\\Humber_Sunny\\Portfolio-Using-Gatsby-Bootstrap\\Portfolio-Using-Gatsby-Bootstrap\\node_modules\\React\\index.js\n    Used by 230 module(s), i. e.\n    C:\\Humber_Sunny\\Portfolio-Using-Gatsby-Bootstrap\\Portfolio-Using-Gatsby-Bootstrap\\node_modules\\gatsby\\dist\\utils\\babel-loader.js??ref--4-0!C:\\Humber_Sunny\\Portfolio-Using-Gatsby-Bootstrap\\Portfolio-Using-Gatsby-Bootstrap\\src\\pages\\404.js\n* C:\\Humber_Sunny\\Portfolio-Using-Gatsby-Bootstrap\\Portfolio-Using-Gatsby-Bootstrap\\node_modules\\babel-loader\\lib\\index.js??ref--11-0!C:\\Humber_Sunny\\Portfolio-Using-Gatsby-Bootstrap\\Portfolio-Using-Gatsby-Bootstrap\\node_modules\\react\\index.js\n    Used by 641 module(s), i. e.\n    C:\\Humber_Sunny\\Portfolio-Using-Gatsby-Bootstrap\\Portfolio-Using-Gatsby-Bootstrap\\node_modules\\gatsby\\dist\\utils\\babel-loader.js??ref--4-0!C:\\Humber_Sunny\\Portfolio-Using-Gatsby-Bootstrap\\Portfolio-Using-Gatsby-Bootstrap\\.cache\\production-app.js"],"namedChunkGroups":{"app":{"chunks":[9,2],"assets":["webpack-runtime-56faab74694a87888af0.js","webpack-runtime-56faab74694a87888af0.js.map","app-a71518c062935bc75f43.js","app-a71518c062935bc75f43.js.map"],"children":{},"childAssets":{}},"component---src-pages-404-js":{"chunks":[0,1,3],"assets":["styles.025ca634b9f140755220.css","styles-4f8030d15cdd392d4057.js","styles-4f8030d15cdd392d4057.js.map","1-276283788508089e7028.js","1-276283788508089e7028.js.map","component---src-pages-404-js-5413c7a60f02cad7d212.js","component---src-pages-404-js-5413c7a60f02cad7d212.js.map"],"children":{},"childAssets":{}},"component---src-pages-about-js":{"chunks":[0,1,4],"assets":["styles.025ca634b9f140755220.css","styles-4f8030d15cdd392d4057.js","styles-4f8030d15cdd392d4057.js.map","1-276283788508089e7028.js","1-276283788508089e7028.js.map","component---src-pages-about-js-abbbee1b1fb53428d505.js","component---src-pages-about-js-abbbee1b1fb53428d505.js.map"],"children":{},"childAssets":{}},"component---src-pages-contact-js":{"chunks":[0,1,5],"assets":["styles.025ca634b9f140755220.css","styles-4f8030d15cdd392d4057.js","styles-4f8030d15cdd392d4057.js.map","1-276283788508089e7028.js","1-276283788508089e7028.js.map","component---src-pages-contact-js-1c5a0a38064ce112efd3.js","component---src-pages-contact-js-1c5a0a38064ce112efd3.js.map"],"children":{},"childAssets":{}},"component---src-pages-index-js":{"chunks":[0,1,6],"assets":["styles.025ca634b9f140755220.css","styles-4f8030d15cdd392d4057.js","styles-4f8030d15cdd392d4057.js.map","1-276283788508089e7028.js","1-276283788508089e7028.js.map","component---src-pages-index-js-9f0e501c59be7ee31d5e.js","component---src-pages-index-js-9f0e501c59be7ee31d5e.js.map"],"children":{},"childAssets":{}},"component---src-pages-portfolio-js":{"chunks":[0,1,7],"assets":["styles.025ca634b9f140755220.css","styles-4f8030d15cdd392d4057.js","styles-4f8030d15cdd392d4057.js.map","1-276283788508089e7028.js","1-276283788508089e7028.js.map","component---src-pages-portfolio-js-cea46025dc077940f716.js","component---src-pages-portfolio-js-cea46025dc077940f716.js.map"],"children":{},"childAssets":{}},"component---src-pages-services-js":{"chunks":[0,1,8],"assets":["styles.025ca634b9f140755220.css","styles-4f8030d15cdd392d4057.js","styles-4f8030d15cdd392d4057.js.map","1-276283788508089e7028.js","1-276283788508089e7028.js.map","component---src-pages-services-js-d11f10c40e019be92761.js","component---src-pages-services-js-d11f10c40e019be92761.js.map"],"children":{},"childAssets":{}}},"assetsByChunkName":{"app":["webpack-runtime-56faab74694a87888af0.js","app-a71518c062935bc75f43.js"],"component---src-pages-404-js":["styles.025ca634b9f140755220.css","styles-4f8030d15cdd392d4057.js","1-276283788508089e7028.js","component---src-pages-404-js-5413c7a60f02cad7d212.js"],"component---src-pages-about-js":["styles.025ca634b9f140755220.css","styles-4f8030d15cdd392d4057.js","1-276283788508089e7028.js","component---src-pages-about-js-abbbee1b1fb53428d505.js"],"component---src-pages-contact-js":["styles.025ca634b9f140755220.css","styles-4f8030d15cdd392d4057.js","1-276283788508089e7028.js","component---src-pages-contact-js-1c5a0a38064ce112efd3.js"],"component---src-pages-index-js":["styles.025ca634b9f140755220.css","styles-4f8030d15cdd392d4057.js","1-276283788508089e7028.js","component---src-pages-index-js-9f0e501c59be7ee31d5e.js"],"component---src-pages-portfolio-js":["styles.025ca634b9f140755220.css","styles-4f8030d15cdd392d4057.js","1-276283788508089e7028.js","component---src-pages-portfolio-js-cea46025dc077940f716.js"],"component---src-pages-services-js":["styles.025ca634b9f140755220.css","styles-4f8030d15cdd392d4057.js","1-276283788508089e7028.js","component---src-pages-services-js-d11f10c40e019be92761.js"]}}