{"errors":[],"warnings":["./node_modules/React/cjs/react.production.min.js\nThere are multiple modules with names that only differ in casing.\nThis can lead to unexpected behavior when compiling on a filesystem with other case-semantic.\nUse equal casing. Compare these module identifiers:\n* C:\\Humber_Sunny\\Portfolio-Using-Gatsby-Bootstrap\\Portfolio-Using-Gatsby-Bootstrap\\node_modules\\babel-loader\\lib\\index.js??ref--11-0!C:\\Humber_Sunny\\Portfolio-Using-Gatsby-Bootstrap\\Portfolio-Using-Gatsby-Bootstrap\\node_modules\\React\\cjs\\react.production.min.js\n    Used by 1 module(s), i. e.\n    C:\\Humber_Sunny\\Portfolio-Using-Gatsby-Bootstrap\\Portfolio-Using-Gatsby-Bootstrap\\node_modules\\babel-loader\\lib\\index.js??ref--11-0!C:\\Humber_Sunny\\Portfolio-Using-Gatsby-Bootstrap\\Portfolio-Using-Gatsby-Bootstrap\\node_modules\\React\\index.js\n* C:\\Humber_Sunny\\Portfolio-Using-Gatsby-Bootstrap\\Portfolio-Using-Gatsby-Bootstrap\\node_modules\\babel-loader\\lib\\index.js??ref--11-0!C:\\Humber_Sunny\\Portfolio-Using-Gatsby-Bootstrap\\Portfolio-Using-Gatsby-Bootstrap\\node_modules\\react\\cjs\\react.production.min.js\n    Used by 1 module(s), i. e.\n    C:\\Humber_Sunny\\Portfolio-Using-Gatsby-Bootstrap\\Portfolio-Using-Gatsby-Bootstrap\\node_modules\\babel-loader\\lib\\index.js??ref--11-0!C:\\Humber_Sunny\\Portfolio-Using-Gatsby-Bootstrap\\Portfolio-Using-Gatsby-Bootstrap\\node_modules\\react\\index.js","./node_modules/React/index.js\nThere are multiple modules with names that only differ in casing.\nThis can lead to unexpected behavior when compiling on a filesystem with other case-semantic.\nUse equal casing. Compare these module identifiers:\n* C:\\Humber_Sunny\\Portfolio-Using-Gatsby-Bootstrap\\Portfolio-Using-Gatsby-Bootstrap\\node_modules\\babel-loader\\lib\\index.js??ref--11-0!C:\\Humber_Sunny\\Portfolio-Using-Gatsby-Bootstrap\\Portfolio-Using-Gatsby-Bootstrap\\node_modules\\React\\index.js\n    Used by 226 module(s), i. e.\n    C:\\Humber_Sunny\\Portfolio-Using-Gatsby-Bootstrap\\Portfolio-Using-Gatsby-Bootstrap\\node_modules\\gatsby\\dist\\utils\\babel-loader.js??ref--4-0!C:\\Humber_Sunny\\Portfolio-Using-Gatsby-Bootstrap\\Portfolio-Using-Gatsby-Bootstrap\\src\\pages\\404.js\n* C:\\Humber_Sunny\\Portfolio-Using-Gatsby-Bootstrap\\Portfolio-Using-Gatsby-Bootstrap\\node_modules\\babel-loader\\lib\\index.js??ref--11-0!C:\\Humber_Sunny\\Portfolio-Using-Gatsby-Bootstrap\\Portfolio-Using-Gatsby-Bootstrap\\node_modules\\react\\index.js\n    Used by 641 module(s), i. e.\n    C:\\Humber_Sunny\\Portfolio-Using-Gatsby-Bootstrap\\Portfolio-Using-Gatsby-Bootstrap\\node_modules\\gatsby\\dist\\utils\\babel-loader.js??ref--4-0!C:\\Humber_Sunny\\Portfolio-Using-Gatsby-Bootstrap\\Portfolio-Using-Gatsby-Bootstrap\\.cache\\production-app.js"],"namedChunkGroups":{"app":{"chunks":[9,2],"assets":["webpack-runtime-30141340204b47f62bb6.js","webpack-runtime-30141340204b47f62bb6.js.map","app-a71518c062935bc75f43.js","app-a71518c062935bc75f43.js.map"],"children":{},"childAssets":{}},"component---src-pages-404-js":{"chunks":[0,1,3],"assets":["styles.472db2932093293debe8.css","styles-4f8030d15cdd392d4057.js","styles-4f8030d15cdd392d4057.js.map","1-276283788508089e7028.js","1-276283788508089e7028.js.map","component---src-pages-404-js-6d60dbc581829fa08f21.js","component---src-pages-404-js-6d60dbc581829fa08f21.js.map"],"children":{},"childAssets":{}},"component---src-pages-about-js":{"chunks":[0,1,4],"assets":["styles.472db2932093293debe8.css","styles-4f8030d15cdd392d4057.js","styles-4f8030d15cdd392d4057.js.map","1-276283788508089e7028.js","1-276283788508089e7028.js.map","component---src-pages-about-js-947678531ceaadf9bbf8.js","component---src-pages-about-js-947678531ceaadf9bbf8.js.map"],"children":{},"childAssets":{}},"component---src-pages-contact-js":{"chunks":[0,1,5],"assets":["styles.472db2932093293debe8.css","styles-4f8030d15cdd392d4057.js","styles-4f8030d15cdd392d4057.js.map","1-276283788508089e7028.js","1-276283788508089e7028.js.map","component---src-pages-contact-js-6148a7d45a169adca447.js","component---src-pages-contact-js-6148a7d45a169adca447.js.map"],"children":{},"childAssets":{}},"component---src-pages-index-js":{"chunks":[0,1,6],"assets":["styles.472db2932093293debe8.css","styles-4f8030d15cdd392d4057.js","styles-4f8030d15cdd392d4057.js.map","1-276283788508089e7028.js","1-276283788508089e7028.js.map","component---src-pages-index-js-3ba2b2c9c8362996749c.js","component---src-pages-index-js-3ba2b2c9c8362996749c.js.map"],"children":{},"childAssets":{}},"component---src-pages-portfolio-js":{"chunks":[0,1,7],"assets":["styles.472db2932093293debe8.css","styles-4f8030d15cdd392d4057.js","styles-4f8030d15cdd392d4057.js.map","1-276283788508089e7028.js","1-276283788508089e7028.js.map","component---src-pages-portfolio-js-a7fae66ace80aac492a7.js","component---src-pages-portfolio-js-a7fae66ace80aac492a7.js.map"],"children":{},"childAssets":{}},"component---src-pages-services-js":{"chunks":[0,1,8],"assets":["styles.472db2932093293debe8.css","styles-4f8030d15cdd392d4057.js","styles-4f8030d15cdd392d4057.js.map","1-276283788508089e7028.js","1-276283788508089e7028.js.map","component---src-pages-services-js-ce16d6d2eac6527ae410.js","component---src-pages-services-js-ce16d6d2eac6527ae410.js.map"],"children":{},"childAssets":{}}},"assetsByChunkName":{"app":["webpack-runtime-30141340204b47f62bb6.js","app-a71518c062935bc75f43.js"],"component---src-pages-404-js":["styles.472db2932093293debe8.css","styles-4f8030d15cdd392d4057.js","1-276283788508089e7028.js","component---src-pages-404-js-6d60dbc581829fa08f21.js"],"component---src-pages-about-js":["styles.472db2932093293debe8.css","styles-4f8030d15cdd392d4057.js","1-276283788508089e7028.js","component---src-pages-about-js-947678531ceaadf9bbf8.js"],"component---src-pages-contact-js":["styles.472db2932093293debe8.css","styles-4f8030d15cdd392d4057.js","1-276283788508089e7028.js","component---src-pages-contact-js-6148a7d45a169adca447.js"],"component---src-pages-index-js":["styles.472db2932093293debe8.css","styles-4f8030d15cdd392d4057.js","1-276283788508089e7028.js","component---src-pages-index-js-3ba2b2c9c8362996749c.js"],"component---src-pages-portfolio-js":["styles.472db2932093293debe8.css","styles-4f8030d15cdd392d4057.js","1-276283788508089e7028.js","component---src-pages-portfolio-js-a7fae66ace80aac492a7.js"],"component---src-pages-services-js":["styles.472db2932093293debe8.css","styles-4f8030d15cdd392d4057.js","1-276283788508089e7028.js","component---src-pages-services-js-ce16d6d2eac6527ae410.js"]}}