{"errors":[],"warnings":["./node_modules/React/cjs/react.production.min.js\nThere are multiple modules with names that only differ in casing.\nThis can lead to unexpected behavior when compiling on a filesystem with other case-semantic.\nUse equal casing. Compare these module identifiers:\n* C:\\Humber_Sunny\\Portfolio-Using-Gatsby-Bootstrap\\Portfolio-Using-Gatsby-Bootstrap\\node_modules\\babel-loader\\lib\\index.js??ref--11-0!C:\\Humber_Sunny\\Portfolio-Using-Gatsby-Bootstrap\\Portfolio-Using-Gatsby-Bootstrap\\node_modules\\React\\cjs\\react.production.min.js\n    Used by 1 module(s), i. e.\n    C:\\Humber_Sunny\\Portfolio-Using-Gatsby-Bootstrap\\Portfolio-Using-Gatsby-Bootstrap\\node_modules\\babel-loader\\lib\\index.js??ref--11-0!C:\\Humber_Sunny\\Portfolio-Using-Gatsby-Bootstrap\\Portfolio-Using-Gatsby-Bootstrap\\node_modules\\React\\index.js\n* C:\\Humber_Sunny\\Portfolio-Using-Gatsby-Bootstrap\\Portfolio-Using-Gatsby-Bootstrap\\node_modules\\babel-loader\\lib\\index.js??ref--11-0!C:\\Humber_Sunny\\Portfolio-Using-Gatsby-Bootstrap\\Portfolio-Using-Gatsby-Bootstrap\\node_modules\\react\\cjs\\react.production.min.js\n    Used by 1 module(s), i. e.\n    C:\\Humber_Sunny\\Portfolio-Using-Gatsby-Bootstrap\\Portfolio-Using-Gatsby-Bootstrap\\node_modules\\babel-loader\\lib\\index.js??ref--11-0!C:\\Humber_Sunny\\Portfolio-Using-Gatsby-Bootstrap\\Portfolio-Using-Gatsby-Bootstrap\\node_modules\\react\\index.js","./node_modules/React/index.js\nThere are multiple modules with names that only differ in casing.\nThis can lead to unexpected behavior when compiling on a filesystem with other case-semantic.\nUse equal casing. Compare these module identifiers:\n* C:\\Humber_Sunny\\Portfolio-Using-Gatsby-Bootstrap\\Portfolio-Using-Gatsby-Bootstrap\\node_modules\\babel-loader\\lib\\index.js??ref--11-0!C:\\Humber_Sunny\\Portfolio-Using-Gatsby-Bootstrap\\Portfolio-Using-Gatsby-Bootstrap\\node_modules\\React\\index.js\n    Used by 230 module(s), i. e.\n    C:\\Humber_Sunny\\Portfolio-Using-Gatsby-Bootstrap\\Portfolio-Using-Gatsby-Bootstrap\\node_modules\\gatsby\\dist\\utils\\babel-loader.js??ref--4-0!C:\\Humber_Sunny\\Portfolio-Using-Gatsby-Bootstrap\\Portfolio-Using-Gatsby-Bootstrap\\src\\pages\\404.js\n* C:\\Humber_Sunny\\Portfolio-Using-Gatsby-Bootstrap\\Portfolio-Using-Gatsby-Bootstrap\\node_modules\\babel-loader\\lib\\index.js??ref--11-0!C:\\Humber_Sunny\\Portfolio-Using-Gatsby-Bootstrap\\Portfolio-Using-Gatsby-Bootstrap\\node_modules\\react\\index.js\n    Used by 646 module(s), i. e.\n    C:\\Humber_Sunny\\Portfolio-Using-Gatsby-Bootstrap\\Portfolio-Using-Gatsby-Bootstrap\\node_modules\\gatsby\\dist\\utils\\babel-loader.js??ref--4-0!C:\\Humber_Sunny\\Portfolio-Using-Gatsby-Bootstrap\\Portfolio-Using-Gatsby-Bootstrap\\.cache\\production-app.js"],"namedChunkGroups":{"app":{"chunks":[9,2],"assets":["webpack-runtime-d15405c377b12487702c.js","webpack-runtime-d15405c377b12487702c.js.map","app-a71518c062935bc75f43.js","app-a71518c062935bc75f43.js.map"],"children":{},"childAssets":{}},"component---src-pages-404-js":{"chunks":[0,1,3],"assets":["styles.7831f70ece95f40d2948.css","styles-4f8030d15cdd392d4057.js","styles-4f8030d15cdd392d4057.js.map","1-276283788508089e7028.js","1-276283788508089e7028.js.map","component---src-pages-404-js-35545a70e3d8c1094994.js","component---src-pages-404-js-35545a70e3d8c1094994.js.map"],"children":{},"childAssets":{}},"component---src-pages-about-js":{"chunks":[0,1,4],"assets":["styles.7831f70ece95f40d2948.css","styles-4f8030d15cdd392d4057.js","styles-4f8030d15cdd392d4057.js.map","1-276283788508089e7028.js","1-276283788508089e7028.js.map","component---src-pages-about-js-23ee7653ab32f929d37c.js","component---src-pages-about-js-23ee7653ab32f929d37c.js.map"],"children":{},"childAssets":{}},"component---src-pages-contact-js":{"chunks":[0,1,5],"assets":["styles.7831f70ece95f40d2948.css","styles-4f8030d15cdd392d4057.js","styles-4f8030d15cdd392d4057.js.map","1-276283788508089e7028.js","1-276283788508089e7028.js.map","component---src-pages-contact-js-9c09770aa44a126c7b5f.js","component---src-pages-contact-js-9c09770aa44a126c7b5f.js.map"],"children":{},"childAssets":{}},"component---src-pages-index-js":{"chunks":[0,1,6],"assets":["styles.7831f70ece95f40d2948.css","styles-4f8030d15cdd392d4057.js","styles-4f8030d15cdd392d4057.js.map","1-276283788508089e7028.js","1-276283788508089e7028.js.map","component---src-pages-index-js-386759f557abf384fe20.js","component---src-pages-index-js-386759f557abf384fe20.js.map"],"children":{},"childAssets":{}},"component---src-pages-portfolio-js":{"chunks":[0,1,7],"assets":["styles.7831f70ece95f40d2948.css","styles-4f8030d15cdd392d4057.js","styles-4f8030d15cdd392d4057.js.map","1-276283788508089e7028.js","1-276283788508089e7028.js.map","component---src-pages-portfolio-js-0e6a2b646fcd133aaf4b.js","component---src-pages-portfolio-js-0e6a2b646fcd133aaf4b.js.map"],"children":{},"childAssets":{}},"component---src-pages-services-js":{"chunks":[0,1,8],"assets":["styles.7831f70ece95f40d2948.css","styles-4f8030d15cdd392d4057.js","styles-4f8030d15cdd392d4057.js.map","1-276283788508089e7028.js","1-276283788508089e7028.js.map","component---src-pages-services-js-048b993775b4898390a1.js","component---src-pages-services-js-048b993775b4898390a1.js.map"],"children":{},"childAssets":{}}},"assetsByChunkName":{"app":["webpack-runtime-d15405c377b12487702c.js","app-a71518c062935bc75f43.js"],"component---src-pages-404-js":["styles.7831f70ece95f40d2948.css","styles-4f8030d15cdd392d4057.js","1-276283788508089e7028.js","component---src-pages-404-js-35545a70e3d8c1094994.js"],"component---src-pages-about-js":["styles.7831f70ece95f40d2948.css","styles-4f8030d15cdd392d4057.js","1-276283788508089e7028.js","component---src-pages-about-js-23ee7653ab32f929d37c.js"],"component---src-pages-contact-js":["styles.7831f70ece95f40d2948.css","styles-4f8030d15cdd392d4057.js","1-276283788508089e7028.js","component---src-pages-contact-js-9c09770aa44a126c7b5f.js"],"component---src-pages-index-js":["styles.7831f70ece95f40d2948.css","styles-4f8030d15cdd392d4057.js","1-276283788508089e7028.js","component---src-pages-index-js-386759f557abf384fe20.js"],"component---src-pages-portfolio-js":["styles.7831f70ece95f40d2948.css","styles-4f8030d15cdd392d4057.js","1-276283788508089e7028.js","component---src-pages-portfolio-js-0e6a2b646fcd133aaf4b.js"],"component---src-pages-services-js":["styles.7831f70ece95f40d2948.css","styles-4f8030d15cdd392d4057.js","1-276283788508089e7028.js","component---src-pages-services-js-048b993775b4898390a1.js"]}}