{"errors":[],"warnings":["./node_modules/React/cjs/react.production.min.js\nThere are multiple modules with names that only differ in casing.\nThis can lead to unexpected behavior when compiling on a filesystem with other case-semantic.\nUse equal casing. Compare these module identifiers:\n* C:\\Humber_Sunny\\Portfolio-Using-Gatsby-Bootstrap\\Portfolio-Using-Gatsby-Bootstrap\\node_modules\\babel-loader\\lib\\index.js??ref--11-0!C:\\Humber_Sunny\\Portfolio-Using-Gatsby-Bootstrap\\Portfolio-Using-Gatsby-Bootstrap\\node_modules\\React\\cjs\\react.production.min.js\n    Used by 1 module(s), i. e.\n    C:\\Humber_Sunny\\Portfolio-Using-Gatsby-Bootstrap\\Portfolio-Using-Gatsby-Bootstrap\\node_modules\\babel-loader\\lib\\index.js??ref--11-0!C:\\Humber_Sunny\\Portfolio-Using-Gatsby-Bootstrap\\Portfolio-Using-Gatsby-Bootstrap\\node_modules\\React\\index.js\n* C:\\Humber_Sunny\\Portfolio-Using-Gatsby-Bootstrap\\Portfolio-Using-Gatsby-Bootstrap\\node_modules\\babel-loader\\lib\\index.js??ref--11-0!C:\\Humber_Sunny\\Portfolio-Using-Gatsby-Bootstrap\\Portfolio-Using-Gatsby-Bootstrap\\node_modules\\react\\cjs\\react.production.min.js\n    Used by 1 module(s), i. e.\n    C:\\Humber_Sunny\\Portfolio-Using-Gatsby-Bootstrap\\Portfolio-Using-Gatsby-Bootstrap\\node_modules\\babel-loader\\lib\\index.js??ref--11-0!C:\\Humber_Sunny\\Portfolio-Using-Gatsby-Bootstrap\\Portfolio-Using-Gatsby-Bootstrap\\node_modules\\react\\index.js","./node_modules/React/index.js\nThere are multiple modules with names that only differ in casing.\nThis can lead to unexpected behavior when compiling on a filesystem with other case-semantic.\nUse equal casing. Compare these module identifiers:\n* C:\\Humber_Sunny\\Portfolio-Using-Gatsby-Bootstrap\\Portfolio-Using-Gatsby-Bootstrap\\node_modules\\babel-loader\\lib\\index.js??ref--11-0!C:\\Humber_Sunny\\Portfolio-Using-Gatsby-Bootstrap\\Portfolio-Using-Gatsby-Bootstrap\\node_modules\\React\\index.js\n    Used by 230 module(s), i. e.\n    C:\\Humber_Sunny\\Portfolio-Using-Gatsby-Bootstrap\\Portfolio-Using-Gatsby-Bootstrap\\node_modules\\gatsby\\dist\\utils\\babel-loader.js??ref--4-0!C:\\Humber_Sunny\\Portfolio-Using-Gatsby-Bootstrap\\Portfolio-Using-Gatsby-Bootstrap\\src\\pages\\404.js\n* C:\\Humber_Sunny\\Portfolio-Using-Gatsby-Bootstrap\\Portfolio-Using-Gatsby-Bootstrap\\node_modules\\babel-loader\\lib\\index.js??ref--11-0!C:\\Humber_Sunny\\Portfolio-Using-Gatsby-Bootstrap\\Portfolio-Using-Gatsby-Bootstrap\\node_modules\\react\\index.js\n    Used by 646 module(s), i. e.\n    C:\\Humber_Sunny\\Portfolio-Using-Gatsby-Bootstrap\\Portfolio-Using-Gatsby-Bootstrap\\node_modules\\gatsby\\dist\\utils\\babel-loader.js??ref--4-0!C:\\Humber_Sunny\\Portfolio-Using-Gatsby-Bootstrap\\Portfolio-Using-Gatsby-Bootstrap\\.cache\\production-app.js"],"namedChunkGroups":{"app":{"chunks":[9,2],"assets":["webpack-runtime-50cbd7a4d0b5ae9788c3.js","webpack-runtime-50cbd7a4d0b5ae9788c3.js.map","app-a71518c062935bc75f43.js","app-a71518c062935bc75f43.js.map"],"children":{},"childAssets":{}},"component---src-pages-404-js":{"chunks":[0,1,3],"assets":["styles.f1006eea935da5c7f792.css","styles-4f8030d15cdd392d4057.js","styles-4f8030d15cdd392d4057.js.map","1-276283788508089e7028.js","1-276283788508089e7028.js.map","component---src-pages-404-js-ad15676dd280a6c887d1.js","component---src-pages-404-js-ad15676dd280a6c887d1.js.map"],"children":{},"childAssets":{}},"component---src-pages-about-js":{"chunks":[0,1,4],"assets":["styles.f1006eea935da5c7f792.css","styles-4f8030d15cdd392d4057.js","styles-4f8030d15cdd392d4057.js.map","1-276283788508089e7028.js","1-276283788508089e7028.js.map","component---src-pages-about-js-1b5762f98b62e6ca9370.js","component---src-pages-about-js-1b5762f98b62e6ca9370.js.map"],"children":{},"childAssets":{}},"component---src-pages-contact-js":{"chunks":[0,1,5],"assets":["styles.f1006eea935da5c7f792.css","styles-4f8030d15cdd392d4057.js","styles-4f8030d15cdd392d4057.js.map","1-276283788508089e7028.js","1-276283788508089e7028.js.map","component---src-pages-contact-js-1e9974b998b3138c6904.js","component---src-pages-contact-js-1e9974b998b3138c6904.js.map"],"children":{},"childAssets":{}},"component---src-pages-index-js":{"chunks":[0,1,6],"assets":["styles.f1006eea935da5c7f792.css","styles-4f8030d15cdd392d4057.js","styles-4f8030d15cdd392d4057.js.map","1-276283788508089e7028.js","1-276283788508089e7028.js.map","component---src-pages-index-js-b9fc4a17ae48376457ed.js","component---src-pages-index-js-b9fc4a17ae48376457ed.js.map"],"children":{},"childAssets":{}},"component---src-pages-portfolio-js":{"chunks":[0,1,7],"assets":["styles.f1006eea935da5c7f792.css","styles-4f8030d15cdd392d4057.js","styles-4f8030d15cdd392d4057.js.map","1-276283788508089e7028.js","1-276283788508089e7028.js.map","component---src-pages-portfolio-js-988cb12ee34d9e54d1a2.js","component---src-pages-portfolio-js-988cb12ee34d9e54d1a2.js.map"],"children":{},"childAssets":{}},"component---src-pages-services-js":{"chunks":[0,1,8],"assets":["styles.f1006eea935da5c7f792.css","styles-4f8030d15cdd392d4057.js","styles-4f8030d15cdd392d4057.js.map","1-276283788508089e7028.js","1-276283788508089e7028.js.map","component---src-pages-services-js-9702c581dfa00fcafb6e.js","component---src-pages-services-js-9702c581dfa00fcafb6e.js.map"],"children":{},"childAssets":{}}},"assetsByChunkName":{"app":["webpack-runtime-50cbd7a4d0b5ae9788c3.js","app-a71518c062935bc75f43.js"],"component---src-pages-404-js":["styles.f1006eea935da5c7f792.css","styles-4f8030d15cdd392d4057.js","1-276283788508089e7028.js","component---src-pages-404-js-ad15676dd280a6c887d1.js"],"component---src-pages-about-js":["styles.f1006eea935da5c7f792.css","styles-4f8030d15cdd392d4057.js","1-276283788508089e7028.js","component---src-pages-about-js-1b5762f98b62e6ca9370.js"],"component---src-pages-contact-js":["styles.f1006eea935da5c7f792.css","styles-4f8030d15cdd392d4057.js","1-276283788508089e7028.js","component---src-pages-contact-js-1e9974b998b3138c6904.js"],"component---src-pages-index-js":["styles.f1006eea935da5c7f792.css","styles-4f8030d15cdd392d4057.js","1-276283788508089e7028.js","component---src-pages-index-js-b9fc4a17ae48376457ed.js"],"component---src-pages-portfolio-js":["styles.f1006eea935da5c7f792.css","styles-4f8030d15cdd392d4057.js","1-276283788508089e7028.js","component---src-pages-portfolio-js-988cb12ee34d9e54d1a2.js"],"component---src-pages-services-js":["styles.f1006eea935da5c7f792.css","styles-4f8030d15cdd392d4057.js","1-276283788508089e7028.js","component---src-pages-services-js-9702c581dfa00fcafb6e.js"]}}